Domain Code,Domain,Area Code,Area,Element Code,Element,Months Code,Months,Year Code,Year,Unit,Value,Flag,Flag Description
"ET","Temperature change","100","India","6078","Standard Deviation","7020","Meteorological year","1961","1961","°C","0.247","E","Estimated value"
"ET","Temperature change","100","India","7271","Temperature change","7020","Meteorological year","1961","1961","°C","-0.218","E","Estimated value"
"ET","Temperature change","165","Pakistan","6078","Standard Deviation","7020","Meteorological year","1961","1961","°C","0.369","E","Estimated value"
"ET","Temperature change","165","Pakistan","7271","Temperature change","7020","Meteorological year","1961","1961","°C","-0.276","E","Estimated value"
"ET","Temperature change","351","China","6078","Standard Deviation","7020","Meteorological year","1961","1961","°C","0.252","E","Estimated value"
"ET","Temperature change","351","China","7271","Temperature change","7020","Meteorological year","1961","1961","°C","0.257","E","Estimated value"
"ET","Temperature change","351","China","7271","Temperature change","7020","Meteorological year","1962","1962","°C","-0.142","E","Estimated value"
"ET","Temperature change","351","China","6078","Standard Deviation","7020","Meteorological year","1962","1962","°C","0.252","E","Estimated value"
"ET","Temperature change","165","Pakistan","7271","Temperature change","7020","Meteorological year","1962","1962","°C","-0.256","E","Estimated value"
"ET","Temperature change","165","Pakistan","6078","Standard Deviation","7020","Meteorological year","1962","1962","°C","0.369","E","Estimated value"
"ET","Temperature change","100","India","7271","Temperature change","7020","Meteorological year","1962","1962","°C","-0.492","E","Estimated value"
"ET","Temperature change","100","India","6078","Standard Deviation","7020","Meteorological year","1962","1962","°C","0.247","E","Estimated value"
"ET","Temperature change","100","India","6078","Standard Deviation","7020","Meteorological year","1963","1963","°C","0.247","E","Estimated value"
"ET","Temperature change","100","India","7271","Temperature change","7020","Meteorological year","1963","1963","°C","-0.021","E","Estimated value"
"ET","Temperature change","165","Pakistan","6078","Standard Deviation","7020","Meteorological year","1963","1963","°C","0.369","E","Estimated value"
"ET","Temperature change","165","Pakistan","7271","Temperature change","7020","Meteorological year","1963","1963","°C","0.41","E","Estimated value"
"ET","Temperature change","351","China","6078","Standard Deviation","7020","Meteorological year","1963","1963","°C","0.252","E","Estimated value"
"ET","Temperature change","351","China","7271","Temperature change","7020","Meteorological year","1963","1963","°C","0.286","E","Estimated value"
"ET","Temperature change","351","China","7271","Temperature change","7020","Meteorological year","1964","1964","°C","-0.027","E","Estimated value"
"ET","Temperature change","351","China","6078","Standard Deviation","7020","Meteorological year","1964","1964","°C","0.252","E","Estimated value"
"ET","Temperature change","165","Pakistan","7271","Temperature change","7020","Meteorological year","1964","1964","°C","-0.37","E","Estimated value"
"ET","Temperature change","165","Pakistan","6078","Standard Deviation","7020","Meteorological year","1964","1964","°C","0.369","E","Estimated value"
"ET","Temperature change","100","India","7271","Temperature change","7020","Meteorological year","1964","1964","°C","-0.032","E","Estimated value"
"ET","Temperature change","100","India","6078","Standard Deviation","7020","Meteorological year","1964","1964","°C","0.247","E","Estimated value"
"ET","Temperature change","100","India","6078","Standard Deviation","7020","Meteorological year","1965","1965","°C","0.247","E","Estimated value"
"ET","Temperature change","100","India","7271","Temperature change","7020","Meteorological year","1965","1965","°C","-0.074","E","Estimated value"
"ET","Temperature change","165","Pakistan","6078","Standard Deviation","7020","Meteorological year","1965","1965","°C","0.369","E","Estimated value"
"ET","Temperature change","165","Pakistan","7271","Temperature change","7020","Meteorological year","1965","1965","°C","-0.276","E","Estimated value"
"ET","Temperature change","351","China","6078","Standard Deviation","7020","Meteorological year","1965","1965","°C","0.252","E","Estimated value"
"ET","Temperature change","351","China","7271","Temperature change","7020","Meteorological year","1965","1965","°C","0.075","E","Estimated value"
"ET","Temperature change","351","China","7271","Temperature change","7020","Meteorological year","1966","1966","°C","0.18","E","Estimated value"
"ET","Temperature change","351","China","6078","Standard Deviation","7020","Meteorological year","1966","1966","°C","0.252","E","Estimated value"
"ET","Temperature change","165","Pakistan","7271","Temperature change","7020","Meteorological year","1966","1966","°C","-0.141","E","Estimated value"
"ET","Temperature change","165","Pakistan","6078","Standard Deviation","7020","Meteorological year","1966","1966","°C","0.369","E","Estimated value"
"ET","Temperature change","100","India","7271","Temperature change","7020","Meteorological year","1966","1966","°C","0.297","E","Estimated value"
"ET","Temperature change","100","India","6078","Standard Deviation","7020","Meteorological year","1966","1966","°C","0.247","E","Estimated value"
"ET","Temperature change","100","India","6078","Standard Deviation","7020","Meteorological year","1967","1967","°C","0.247","E","Estimated value"
"ET","Temperature change","100","India","7271","Temperature change","7020","Meteorological year","1967","1967","°C","-0.204","E","Estimated value"
"ET","Temperature change","165","Pakistan","6078","Standard Deviation","7020","Meteorological year","1967","1967","°C","0.369","E","Estimated value"
"ET","Temperature change","165","Pakistan","7271","Temperature change","7020","Meteorological year","1967","1967","°C","-0.31","E","Estimated value"
"ET","Temperature change","351","China","6078","Standard Deviation","7020","Meteorological year","1967","1967","°C","0.252","E","Estimated value"
"ET","Temperature change","351","China","7271","Temperature change","7020","Meteorological year","1967","1967","°C","-0.285","E","Estimated value"
"ET","Temperature change","351","China","7271","Temperature change","7020","Meteorological year","1968","1968","°C","-0.416","E","Estimated value"
"ET","Temperature change","351","China","6078","Standard Deviation","7020","Meteorological year","1968","1968","°C","0.252","E","Estimated value"
"ET","Temperature change","165","Pakistan","7271","Temperature change","7020","Meteorological year","1968","1968","°C","-0.466","E","Estimated value"
"ET","Temperature change","165","Pakistan","6078","Standard Deviation","7020","Meteorological year","1968","1968","°C","0.369","E","Estimated value"
"ET","Temperature change","100","India","7271","Temperature change","7020","Meteorological year","1968","1968","°C","-0.22","E","Estimated value"
"ET","Temperature change","100","India","6078","Standard Deviation","7020","Meteorological year","1968","1968","°C","0.247","E","Estimated value"
"ET","Temperature change","100","India","6078","Standard Deviation","7020","Meteorological year","1969","1969","°C","0.247","E","Estimated value"
"ET","Temperature change","100","India","7271","Temperature change","7020","Meteorological year","1969","1969","°C","0.322","E","Estimated value"
"ET","Temperature change","165","Pakistan","6078","Standard Deviation","7020","Meteorological year","1969","1969","°C","0.369","E","Estimated value"
"ET","Temperature change","165","Pakistan","7271","Temperature change","7020","Meteorological year","1969","1969","°C","0.263","E","Estimated value"
"ET","Temperature change","351","China","6078","Standard Deviation","7020","Meteorological year","1969","1969","°C","0.252","E","Estimated value"
"ET","Temperature change","351","China","7271","Temperature change","7020","Meteorological year","1969","1969","°C","-0.219","E","Estimated value"
"ET","Temperature change","351","China","7271","Temperature change","7020","Meteorological year","1970","1970","°C","-0.309","E","Estimated value"
"ET","Temperature change","351","China","6078","Standard Deviation","7020","Meteorological year","1970","1970","°C","0.252","E","Estimated value"
"ET","Temperature change","165","Pakistan","7271","Temperature change","7020","Meteorological year","1970","1970","°C","0.583","E","Estimated value"
"ET","Temperature change","165","Pakistan","6078","Standard Deviation","7020","Meteorological year","1970","1970","°C","0.369","E","Estimated value"
"ET","Temperature change","100","India","7271","Temperature change","7020","Meteorological year","1970","1970","°C","0.059","E","Estimated value"
"ET","Temperature change","100","India","6078","Standard Deviation","7020","Meteorological year","1970","1970","°C","0.247","E","Estimated value"
"ET","Temperature change","100","India","6078","Standard Deviation","7020","Meteorological year","1971","1971","°C","0.247","E","Estimated value"
"ET","Temperature change","100","India","7271","Temperature change","7020","Meteorological year","1971","1971","°C","-0.47","E","Estimated value"
"ET","Temperature change","165","Pakistan","6078","Standard Deviation","7020","Meteorological year","1971","1971","°C","0.369","E","Estimated value"
"ET","Temperature change","165","Pakistan","7271","Temperature change","7020","Meteorological year","1971","1971","°C","0.223","E","Estimated value"
"ET","Temperature change","351","China","6078","Standard Deviation","7020","Meteorological year","1971","1971","°C","0.252","E","Estimated value"
"ET","Temperature change","351","China","7271","Temperature change","7020","Meteorological year","1971","1971","°C","0.035","E","Estimated value"
"ET","Temperature change","351","China","7271","Temperature change","7020","Meteorological year","1972","1972","°C","0.01","E","Estimated value"
"ET","Temperature change","351","China","6078","Standard Deviation","7020","Meteorological year","1972","1972","°C","0.252","E","Estimated value"
"ET","Temperature change","165","Pakistan","7271","Temperature change","7020","Meteorological year","1972","1972","°C","-0.456","E","Estimated value"
"ET","Temperature change","165","Pakistan","6078","Standard Deviation","7020","Meteorological year","1972","1972","°C","0.369","E","Estimated value"
"ET","Temperature change","100","India","7271","Temperature change","7020","Meteorological year","1972","1972","°C","0.04","E","Estimated value"
"ET","Temperature change","100","India","6078","Standard Deviation","7020","Meteorological year","1972","1972","°C","0.247","E","Estimated value"
"ET","Temperature change","100","India","6078","Standard Deviation","7020","Meteorological year","1973","1973","°C","0.247","E","Estimated value"
"ET","Temperature change","100","India","7271","Temperature change","7020","Meteorological year","1973","1973","°C","0.296","E","Estimated value"
"ET","Temperature change","165","Pakistan","6078","Standard Deviation","7020","Meteorological year","1973","1973","°C","0.369","E","Estimated value"
"ET","Temperature change","165","Pakistan","7271","Temperature change","7020","Meteorological year","1973","1973","°C","0.126","E","Estimated value"
"ET","Temperature change","351","China","6078","Standard Deviation","7020","Meteorological year","1973","1973","°C","0.252","E","Estimated value"
"ET","Temperature change","351","China","7271","Temperature change","7020","Meteorological year","1973","1973","°C","0.41","E","Estimated value"
"ET","Temperature change","351","China","7271","Temperature change","7020","Meteorological year","1974","1974","°C","-0.007","E","Estimated value"
"ET","Temperature change","351","China","6078","Standard Deviation","7020","Meteorological year","1974","1974","°C","0.252","E","Estimated value"
"ET","Temperature change","165","Pakistan","7271","Temperature change","7020","Meteorological year","1974","1974","°C","-0.163","E","Estimated value"
"ET","Temperature change","165","Pakistan","6078","Standard Deviation","7020","Meteorological year","1974","1974","°C","0.369","E","Estimated value"
"ET","Temperature change","100","India","7271","Temperature change","7020","Meteorological year","1974","1974","°C","0.012","E","Estimated value"
"ET","Temperature change","100","India","6078","Standard Deviation","7020","Meteorological year","1974","1974","°C","0.247","E","Estimated value"
"ET","Temperature change","100","India","6078","Standard Deviation","7020","Meteorological year","1975","1975","°C","0.247","E","Estimated value"
"ET","Temperature change","100","India","7271","Temperature change","7020","Meteorological year","1975","1975","°C","-0.324","E","Estimated value"
"ET","Temperature change","165","Pakistan","6078","Standard Deviation","7020","Meteorological year","1975","1975","°C","0.369","E","Estimated value"
"ET","Temperature change","165","Pakistan","7271","Temperature change","7020","Meteorological year","1975","1975","°C","-0.553","E","Estimated value"
"ET","Temperature change","351","China","6078","Standard Deviation","7020","Meteorological year","1975","1975","°C","0.252","E","Estimated value"
"ET","Temperature change","351","China","7271","Temperature change","7020","Meteorological year","1975","1975","°C","0.28","E","Estimated value"
"ET","Temperature change","351","China","7271","Temperature change","7020","Meteorological year","1976","1976","°C","-0.39","E","Estimated value"
"ET","Temperature change","351","China","6078","Standard Deviation","7020","Meteorological year","1976","1976","°C","0.252","E","Estimated value"
"ET","Temperature change","165","Pakistan","7271","Temperature change","7020","Meteorological year","1976","1976","°C","-0.25","E","Estimated value"
"ET","Temperature change","165","Pakistan","6078","Standard Deviation","7020","Meteorological year","1976","1976","°C","0.369","E","Estimated value"
"ET","Temperature change","100","India","7271","Temperature change","7020","Meteorological year","1976","1976","°C","-0.005","E","Estimated value"
"ET","Temperature change","100","India","6078","Standard Deviation","7020","Meteorological year","1976","1976","°C","0.247","E","Estimated value"
"ET","Temperature change","100","India","6078","Standard Deviation","7020","Meteorological year","1977","1977","°C","0.247","E","Estimated value"
"ET","Temperature change","100","India","7271","Temperature change","7020","Meteorological year","1977","1977","°C","0.152","E","Estimated value"
"ET","Temperature change","165","Pakistan","6078","Standard Deviation","7020","Meteorological year","1977","1977","°C","0.369","E","Estimated value"
"ET","Temperature change","165","Pakistan","7271","Temperature change","7020","Meteorological year","1977","1977","°C","0.409","E","Estimated value"
"ET","Temperature change","351","China","6078","Standard Deviation","7020","Meteorological year","1977","1977","°C","0.252","E","Estimated value"
"ET","Temperature change","351","China","7271","Temperature change","7020","Meteorological year","1977","1977","°C","-0.056","E","Estimated value"
"ET","Temperature change","351","China","7271","Temperature change","7020","Meteorological year","1978","1978","°C","0.241","E","Estimated value"
"ET","Temperature change","351","China","6078","Standard Deviation","7020","Meteorological year","1978","1978","°C","0.252","E","Estimated value"
"ET","Temperature change","165","Pakistan","7271","Temperature change","7020","Meteorological year","1978","1978","°C","0.012","E","Estimated value"
"ET","Temperature change","165","Pakistan","6078","Standard Deviation","7020","Meteorological year","1978","1978","°C","0.369","E","Estimated value"
"ET","Temperature change","100","India","7271","Temperature change","7020","Meteorological year","1978","1978","°C","-0.169","E","Estimated value"
"ET","Temperature change","100","India","6078","Standard Deviation","7020","Meteorological year","1978","1978","°C","0.247","E","Estimated value"
"ET","Temperature change","100","India","6078","Standard Deviation","7020","Meteorological year","1979","1979","°C","0.247","E","Estimated value"
"ET","Temperature change","100","India","7271","Temperature change","7020","Meteorological year","1979","1979","°C","0.299","E","Estimated value"
"ET","Temperature change","165","Pakistan","6078","Standard Deviation","7020","Meteorological year","1979","1979","°C","0.369","E","Estimated value"
"ET","Temperature change","165","Pakistan","7271","Temperature change","7020","Meteorological year","1979","1979","°C","-0.025","E","Estimated value"
"ET","Temperature change","351","China","6078","Standard Deviation","7020","Meteorological year","1979","1979","°C","0.252","E","Estimated value"
"ET","Temperature change","351","China","7271","Temperature change","7020","Meteorological year","1979","1979","°C","0.299","E","Estimated value"
"ET","Temperature change","351","China","7271","Temperature change","7020","Meteorological year","1980","1980","°C","0.253","E","Estimated value"
"ET","Temperature change","351","China","6078","Standard Deviation","7020","Meteorological year","1980","1980","°C","0.252","E","Estimated value"
"ET","Temperature change","165","Pakistan","7271","Temperature change","7020","Meteorological year","1980","1980","°C","0.45","E","Estimated value"
"ET","Temperature change","165","Pakistan","6078","Standard Deviation","7020","Meteorological year","1980","1980","°C","0.369","E","Estimated value"
"ET","Temperature change","100","India","7271","Temperature change","7020","Meteorological year","1980","1980","°C","0.391","E","Estimated value"
"ET","Temperature change","100","India","6078","Standard Deviation","7020","Meteorological year","1980","1980","°C","0.247","E","Estimated value"
"ET","Temperature change","100","India","6078","Standard Deviation","7020","Meteorological year","1981","1981","°C","0.247","E","Estimated value"
"ET","Temperature change","100","India","7271","Temperature change","7020","Meteorological year","1981","1981","°C","0.05","E","Estimated value"
"ET","Temperature change","165","Pakistan","6078","Standard Deviation","7020","Meteorological year","1981","1981","°C","0.369","E","Estimated value"
"ET","Temperature change","165","Pakistan","7271","Temperature change","7020","Meteorological year","1981","1981","°C","0.336","E","Estimated value"
"ET","Temperature change","351","China","6078","Standard Deviation","7020","Meteorological year","1981","1981","°C","0.252","E","Estimated value"
"ET","Temperature change","351","China","7271","Temperature change","7020","Meteorological year","1981","1981","°C","0.22","E","Estimated value"
"ET","Temperature change","351","China","7271","Temperature change","7020","Meteorological year","1982","1982","°C","0.38","E","Estimated value"
"ET","Temperature change","351","China","6078","Standard Deviation","7020","Meteorological year","1982","1982","°C","0.252","E","Estimated value"
"ET","Temperature change","165","Pakistan","7271","Temperature change","7020","Meteorological year","1982","1982","°C","-0.342","E","Estimated value"
"ET","Temperature change","165","Pakistan","6078","Standard Deviation","7020","Meteorological year","1982","1982","°C","0.369","E","Estimated value"
"ET","Temperature change","100","India","7271","Temperature change","7020","Meteorological year","1982","1982","°C","-0.038","E","Estimated value"
"ET","Temperature change","100","India","6078","Standard Deviation","7020","Meteorological year","1982","1982","°C","0.247","E","Estimated value"
"ET","Temperature change","100","India","6078","Standard Deviation","7020","Meteorological year","1983","1983","°C","0.247","E","Estimated value"
"ET","Temperature change","100","India","7271","Temperature change","7020","Meteorological year","1983","1983","°C","-0.177","E","Estimated value"
"ET","Temperature change","165","Pakistan","6078","Standard Deviation","7020","Meteorological year","1983","1983","°C","0.369","E","Estimated value"
"ET","Temperature change","165","Pakistan","7271","Temperature change","7020","Meteorological year","1983","1983","°C","-0.382","E","Estimated value"
"ET","Temperature change","351","China","6078","Standard Deviation","7020","Meteorological year","1983","1983","°C","0.252","E","Estimated value"
"ET","Temperature change","351","China","7271","Temperature change","7020","Meteorological year","1983","1983","°C","0.125","E","Estimated value"
"ET","Temperature change","351","China","7271","Temperature change","7020","Meteorological year","1984","1984","°C","-0.146","E","Estimated value"
"ET","Temperature change","351","China","6078","Standard Deviation","7020","Meteorological year","1984","1984","°C","0.252","E","Estimated value"
"ET","Temperature change","165","Pakistan","7271","Temperature change","7020","Meteorological year","1984","1984","°C","-0.187","E","Estimated value"
"ET","Temperature change","165","Pakistan","6078","Standard Deviation","7020","Meteorological year","1984","1984","°C","0.369","E","Estimated value"
"ET","Temperature change","100","India","7271","Temperature change","7020","Meteorological year","1984","1984","°C","-0.15","E","Estimated value"
"ET","Temperature change","100","India","6078","Standard Deviation","7020","Meteorological year","1984","1984","°C","0.247","E","Estimated value"
"ET","Temperature change","100","India","6078","Standard Deviation","7020","Meteorological year","1985","1985","°C","0.247","E","Estimated value"
"ET","Temperature change","100","India","7271","Temperature change","7020","Meteorological year","1985","1985","°C","0.153","E","Estimated value"
"ET","Temperature change","165","Pakistan","6078","Standard Deviation","7020","Meteorological year","1985","1985","°C","0.369","E","Estimated value"
"ET","Temperature change","165","Pakistan","7271","Temperature change","7020","Meteorological year","1985","1985","°C","0.218","E","Estimated value"
"ET","Temperature change","351","China","6078","Standard Deviation","7020","Meteorological year","1985","1985","°C","0.252","E","Estimated value"
"ET","Temperature change","351","China","7271","Temperature change","7020","Meteorological year","1985","1985","°C","-0.121","E","Estimated value"
"ET","Temperature change","351","China","7271","Temperature change","7020","Meteorological year","1986","1986","°C","-0.04","E","Estimated value"
"ET","Temperature change","351","China","6078","Standard Deviation","7020","Meteorological year","1986","1986","°C","0.252","E","Estimated value"
"ET","Temperature change","165","Pakistan","7271","Temperature change","7020","Meteorological year","1986","1986","°C","-0.273","E","Estimated value"
"ET","Temperature change","165","Pakistan","6078","Standard Deviation","7020","Meteorological year","1986","1986","°C","0.369","E","Estimated value"
"ET","Temperature change","100","India","7271","Temperature change","7020","Meteorological year","1986","1986","°C","0.142","E","Estimated value"
"ET","Temperature change","100","India","6078","Standard Deviation","7020","Meteorological year","1986","1986","°C","0.247","E","Estimated value"
"ET","Temperature change","100","India","6078","Standard Deviation","7020","Meteorological year","1987","1987","°C","0.247","E","Estimated value"
"ET","Temperature change","100","India","7271","Temperature change","7020","Meteorological year","1987","1987","°C","0.542","E","Estimated value"
"ET","Temperature change","165","Pakistan","6078","Standard Deviation","7020","Meteorological year","1987","1987","°C","0.369","E","Estimated value"
"ET","Temperature change","165","Pakistan","7271","Temperature change","7020","Meteorological year","1987","1987","°C","0.208","E","Estimated value"
"ET","Temperature change","351","China","6078","Standard Deviation","7020","Meteorological year","1987","1987","°C","0.252","E","Estimated value"
"ET","Temperature change","351","China","7271","Temperature change","7020","Meteorological year","1987","1987","°C","0.43","E","Estimated value"
"ET","Temperature change","351","China","7271","Temperature change","7020","Meteorological year","1988","1988","°C","0.397","E","Estimated value"
"ET","Temperature change","351","China","6078","Standard Deviation","7020","Meteorological year","1988","1988","°C","0.252","E","Estimated value"
"ET","Temperature change","165","Pakistan","7271","Temperature change","7020","Meteorological year","1988","1988","°C","0.748","E","Estimated value"
"ET","Temperature change","165","Pakistan","6078","Standard Deviation","7020","Meteorological year","1988","1988","°C","0.369","E","Estimated value"
"ET","Temperature change","100","India","7271","Temperature change","7020","Meteorological year","1988","1988","°C","0.477","E","Estimated value"
"ET","Temperature change","100","India","6078","Standard Deviation","7020","Meteorological year","1988","1988","°C","0.247","E","Estimated value"
"ET","Temperature change","100","India","6078","Standard Deviation","7020","Meteorological year","1989","1989","°C","0.247","E","Estimated value"
"ET","Temperature change","100","India","7271","Temperature change","7020","Meteorological year","1989","1989","°C","-0.039","E","Estimated value"
"ET","Temperature change","165","Pakistan","6078","Standard Deviation","7020","Meteorological year","1989","1989","°C","0.369","E","Estimated value"
"ET","Temperature change","165","Pakistan","7271","Temperature change","7020","Meteorological year","1989","1989","°C","-0.291","E","Estimated value"
"ET","Temperature change","351","China","6078","Standard Deviation","7020","Meteorological year","1989","1989","°C","0.252","E","Estimated value"
"ET","Temperature change","351","China","7271","Temperature change","7020","Meteorological year","1989","1989","°C","0.422","E","Estimated value"
"ET","Temperature change","351","China","7271","Temperature change","7020","Meteorological year","1990","1990","°C","0.844","E","Estimated value"
"ET","Temperature change","351","China","6078","Standard Deviation","7020","Meteorological year","1990","1990","°C","0.252","E","Estimated value"
"ET","Temperature change","165","Pakistan","7271","Temperature change","7020","Meteorological year","1990","1990","°C","0.426","E","Estimated value"
"ET","Temperature change","165","Pakistan","6078","Standard Deviation","7020","Meteorological year","1990","1990","°C","0.369","E","Estimated value"
"ET","Temperature change","100","India","7271","Temperature change","7020","Meteorological year","1990","1990","°C","-0.101","E","Estimated value"
"ET","Temperature change","100","India","6078","Standard Deviation","7020","Meteorological year","1990","1990","°C","0.247","E","Estimated value"
"ET","Temperature change","100","India","6078","Standard Deviation","7020","Meteorological year","1991","1991","°C","0.247","E","Estimated value"
"ET","Temperature change","100","India","7271","Temperature change","7020","Meteorological year","1991","1991","°C","0.16","E","Estimated value"
"ET","Temperature change","165","Pakistan","6078","Standard Deviation","7020","Meteorological year","1991","1991","°C","0.369","E","Estimated value"
"ET","Temperature change","165","Pakistan","7271","Temperature change","7020","Meteorological year","1991","1991","°C","-0.226","E","Estimated value"
"ET","Temperature change","351","China","6078","Standard Deviation","7020","Meteorological year","1991","1991","°C","0.252","E","Estimated value"
"ET","Temperature change","351","China","7271","Temperature change","7020","Meteorological year","1991","1991","°C","0.51","E","Estimated value"
"ET","Temperature change","351","China","7271","Temperature change","7020","Meteorological year","1992","1992","°C","0.112","E","Estimated value"
"ET","Temperature change","351","China","6078","Standard Deviation","7020","Meteorological year","1992","1992","°C","0.252","E","Estimated value"
"ET","Temperature change","165","Pakistan","7271","Temperature change","7020","Meteorological year","1992","1992","°C","-0.375","E","Estimated value"
"ET","Temperature change","165","Pakistan","6078","Standard Deviation","7020","Meteorological year","1992","1992","°C","0.369","E","Estimated value"
"ET","Temperature change","100","India","7271","Temperature change","7020","Meteorological year","1992","1992","°C","0.007","E","Estimated value"
"ET","Temperature change","100","India","6078","Standard Deviation","7020","Meteorological year","1992","1992","°C","0.247","E","Estimated value"
"ET","Temperature change","100","India","6078","Standard Deviation","7020","Meteorological year","1993","1993","°C","0.247","E","Estimated value"
"ET","Temperature change","100","India","7271","Temperature change","7020","Meteorological year","1993","1993","°C","0.176","E","Estimated value"
"ET","Temperature change","165","Pakistan","6078","Standard Deviation","7020","Meteorological year","1993","1993","°C","0.369","E","Estimated value"
"ET","Temperature change","165","Pakistan","7271","Temperature change","7020","Meteorological year","1993","1993","°C","0.442","E","Estimated value"
"ET","Temperature change","351","China","6078","Standard Deviation","7020","Meteorological year","1993","1993","°C","0.252","E","Estimated value"
"ET","Temperature change","351","China","7271","Temperature change","7020","Meteorological year","1993","1993","°C","0.265","E","Estimated value"
"ET","Temperature change","351","China","7271","Temperature change","7020","Meteorological year","1994","1994","°C","0.717","E","Estimated value"
"ET","Temperature change","351","China","6078","Standard Deviation","7020","Meteorological year","1994","1994","°C","0.252","E","Estimated value"
"ET","Temperature change","165","Pakistan","7271","Temperature change","7020","Meteorological year","1994","1994","°C","0.203","E","Estimated value"
"ET","Temperature change","165","Pakistan","6078","Standard Deviation","7020","Meteorological year","1994","1994","°C","0.369","E","Estimated value"
"ET","Temperature change","100","India","7271","Temperature change","7020","Meteorological year","1994","1994","°C","0.059","E","Estimated value"
"ET","Temperature change","100","India","6078","Standard Deviation","7020","Meteorological year","1994","1994","°C","0.247","E","Estimated value"
"ET","Temperature change","100","India","6078","Standard Deviation","7020","Meteorological year","1995","1995","°C","0.247","E","Estimated value"
"ET","Temperature change","100","India","7271","Temperature change","7020","Meteorological year","1995","1995","°C","0.191","E","Estimated value"
"ET","Temperature change","165","Pakistan","6078","Standard Deviation","7020","Meteorological year","1995","1995","°C","0.369","E","Estimated value"
"ET","Temperature change","165","Pakistan","7271","Temperature change","7020","Meteorological year","1995","1995","°C","-0.08","E","Estimated value"
"ET","Temperature change","351","China","6078","Standard Deviation","7020","Meteorological year","1995","1995","°C","0.252","E","Estimated value"
"ET","Temperature change","351","China","7271","Temperature change","7020","Meteorological year","1995","1995","°C","0.56","E","Estimated value"
"ET","Temperature change","351","China","7271","Temperature change","7020","Meteorological year","1996","1996","°C","0.195","E","Estimated value"
"ET","Temperature change","351","China","6078","Standard Deviation","7020","Meteorological year","1996","1996","°C","0.252","E","Estimated value"
"ET","Temperature change","165","Pakistan","7271","Temperature change","7020","Meteorological year","1996","1996","°C","-0.137","E","Estimated value"
"ET","Temperature change","165","Pakistan","6078","Standard Deviation","7020","Meteorological year","1996","1996","°C","0.369","E","Estimated value"
"ET","Temperature change","100","India","7271","Temperature change","7020","Meteorological year","1996","1996","°C","0.295","E","Estimated value"
"ET","Temperature change","100","India","6078","Standard Deviation","7020","Meteorological year","1996","1996","°C","0.247","E","Estimated value"
"ET","Temperature change","100","India","6078","Standard Deviation","7020","Meteorological year","1997","1997","°C","0.247","E","Estimated value"
"ET","Temperature change","100","India","7271","Temperature change","7020","Meteorological year","1997","1997","°C","-0.109","E","Estimated value"
"ET","Temperature change","165","Pakistan","6078","Standard Deviation","7020","Meteorological year","1997","1997","°C","0.369","E","Estimated value"
"ET","Temperature change","165","Pakistan","7271","Temperature change","7020","Meteorological year","1997","1997","°C","-0.35","E","Estimated value"
"ET","Temperature change","351","China","6078","Standard Deviation","7020","Meteorological year","1997","1997","°C","0.252","E","Estimated value"
"ET","Temperature change","351","China","7271","Temperature change","7020","Meteorological year","1997","1997","°C","0.717","E","Estimated value"
"ET","Temperature change","351","China","7271","Temperature change","7020","Meteorological year","1998","1998","°C","1.246","E","Estimated value"
"ET","Temperature change","351","China","6078","Standard Deviation","7020","Meteorological year","1998","1998","°C","0.252","E","Estimated value"
"ET","Temperature change","165","Pakistan","7271","Temperature change","7020","Meteorological year","1998","1998","°C","0.489","E","Estimated value"
"ET","Temperature change","165","Pakistan","6078","Standard Deviation","7020","Meteorological year","1998","1998","°C","0.369","E","Estimated value"
"ET","Temperature change","100","India","7271","Temperature change","7020","Meteorological year","1998","1998","°C","0.559","E","Estimated value"
"ET","Temperature change","100","India","6078","Standard Deviation","7020","Meteorological year","1998","1998","°C","0.247","E","Estimated value"
"ET","Temperature change","100","India","6078","Standard Deviation","7020","Meteorological year","1999","1999","°C","0.247","E","Estimated value"
"ET","Temperature change","100","India","7271","Temperature change","7020","Meteorological year","1999","1999","°C","0.424","E","Estimated value"
"ET","Temperature change","165","Pakistan","6078","Standard Deviation","7020","Meteorological year","1999","1999","°C","0.369","E","Estimated value"
"ET","Temperature change","165","Pakistan","7271","Temperature change","7020","Meteorological year","1999","1999","°C","0.846","E","Estimated value"
"ET","Temperature change","351","China","6078","Standard Deviation","7020","Meteorological year","1999","1999","°C","0.252","E","Estimated value"
"ET","Temperature change","351","China","7271","Temperature change","7020","Meteorological year","1999","1999","°C","1.21","E","Estimated value"
"ET","Temperature change","351","China","7271","Temperature change","7020","Meteorological year","2000","2000","°C","0.553","E","Estimated value"
"ET","Temperature change","351","China","6078","Standard Deviation","7020","Meteorological year","2000","2000","°C","0.252","E","Estimated value"
"ET","Temperature change","165","Pakistan","7271","Temperature change","7020","Meteorological year","2000","2000","°C","0.698","E","Estimated value"
"ET","Temperature change","165","Pakistan","6078","Standard Deviation","7020","Meteorological year","2000","2000","°C","0.369","E","Estimated value"
"ET","Temperature change","100","India","7271","Temperature change","7020","Meteorological year","2000","2000","°C","0.309","E","Estimated value"
"ET","Temperature change","100","India","6078","Standard Deviation","7020","Meteorological year","2000","2000","°C","0.247","E","Estimated value"
"ET","Temperature change","100","India","6078","Standard Deviation","7020","Meteorological year","2001","2001","°C","0.247","E","Estimated value"
"ET","Temperature change","100","India","7271","Temperature change","7020","Meteorological year","2001","2001","°C","0.441","E","Estimated value"
"ET","Temperature change","165","Pakistan","6078","Standard Deviation","7020","Meteorological year","2001","2001","°C","0.369","E","Estimated value"
"ET","Temperature change","165","Pakistan","7271","Temperature change","7020","Meteorological year","2001","2001","°C","0.752","E","Estimated value"
"ET","Temperature change","351","China","6078","Standard Deviation","7020","Meteorological year","2001","2001","°C","0.252","E","Estimated value"
"ET","Temperature change","351","China","7271","Temperature change","7020","Meteorological year","2001","2001","°C","1.019","E","Estimated value"
"ET","Temperature change","351","China","7271","Temperature change","7020","Meteorological year","2002","2002","°C","1.112","E","Estimated value"
"ET","Temperature change","351","China","6078","Standard Deviation","7020","Meteorological year","2002","2002","°C","0.252","E","Estimated value"
"ET","Temperature change","165","Pakistan","7271","Temperature change","7020","Meteorological year","2002","2002","°C","0.984","E","Estimated value"
"ET","Temperature change","165","Pakistan","6078","Standard Deviation","7020","Meteorological year","2002","2002","°C","0.369","E","Estimated value"
"ET","Temperature change","100","India","7271","Temperature change","7020","Meteorological year","2002","2002","°C","0.796","E","Estimated value"
"ET","Temperature change","100","India","6078","Standard Deviation","7020","Meteorological year","2002","2002","°C","0.247","E","Estimated value"
"ET","Temperature change","100","India","6078","Standard Deviation","7020","Meteorological year","2003","2003","°C","0.247","E","Estimated value"
"ET","Temperature change","100","India","7271","Temperature change","7020","Meteorological year","2003","2003","°C","0.633","E","Estimated value"
"ET","Temperature change","165","Pakistan","6078","Standard Deviation","7020","Meteorological year","2003","2003","°C","0.369","E","Estimated value"
"ET","Temperature change","165","Pakistan","7271","Temperature change","7020","Meteorological year","2003","2003","°C","0.493","E","Estimated value"
"ET","Temperature change","351","China","6078","Standard Deviation","7020","Meteorological year","2003","2003","°C","0.252","E","Estimated value"
"ET","Temperature change","351","China","7271","Temperature change","7020","Meteorological year","2003","2003","°C","0.8","E","Estimated value"
"ET","Temperature change","351","China","7271","Temperature change","7020","Meteorological year","2004","2004","°C","1.082","E","Estimated value"
"ET","Temperature change","351","China","6078","Standard Deviation","7020","Meteorological year","2004","2004","°C","0.252","E","Estimated value"
"ET","Temperature change","165","Pakistan","7271","Temperature change","7020","Meteorological year","2004","2004","°C","1.018","E","Estimated value"
"ET","Temperature change","165","Pakistan","6078","Standard Deviation","7020","Meteorological year","2004","2004","°C","0.369","E","Estimated value"
"ET","Temperature change","100","India","7271","Temperature change","7020","Meteorological year","2004","2004","°C","0.533","E","Estimated value"
"ET","Temperature change","100","India","6078","Standard Deviation","7020","Meteorological year","2004","2004","°C","0.247","E","Estimated value"
"ET","Temperature change","100","India","6078","Standard Deviation","7020","Meteorological year","2005","2005","°C","0.247","E","Estimated value"
"ET","Temperature change","100","India","7271","Temperature change","7020","Meteorological year","2005","2005","°C","0.545","E","Estimated value"
"ET","Temperature change","165","Pakistan","6078","Standard Deviation","7020","Meteorological year","2005","2005","°C","0.369","E","Estimated value"
"ET","Temperature change","165","Pakistan","7271","Temperature change","7020","Meteorological year","2005","2005","°C","0.233","E","Estimated value"
"ET","Temperature change","351","China","6078","Standard Deviation","7020","Meteorological year","2005","2005","°C","0.252","E","Estimated value"
"ET","Temperature change","351","China","7271","Temperature change","7020","Meteorological year","2005","2005","°C","1.02","E","Estimated value"
"ET","Temperature change","351","China","7271","Temperature change","7020","Meteorological year","2006","2006","°C","1.203","E","Estimated value"
"ET","Temperature change","351","China","6078","Standard Deviation","7020","Meteorological year","2006","2006","°C","0.252","E","Estimated value"
"ET","Temperature change","165","Pakistan","7271","Temperature change","7020","Meteorological year","2006","2006","°C","1.057","E","Estimated value"
"ET","Temperature change","165","Pakistan","6078","Standard Deviation","7020","Meteorological year","2006","2006","°C","0.369","E","Estimated value"
"ET","Temperature change","100","India","7271","Temperature change","7020","Meteorological year","2006","2006","°C","0.625","E","Estimated value"
"ET","Temperature change","100","India","6078","Standard Deviation","7020","Meteorological year","2006","2006","°C","0.247","E","Estimated value"
"ET","Temperature change","100","India","6078","Standard Deviation","7020","Meteorological year","2007","2007","°C","0.247","E","Estimated value"
"ET","Temperature change","100","India","7271","Temperature change","7020","Meteorological year","2007","2007","°C","0.579","E","Estimated value"
"ET","Temperature change","165","Pakistan","6078","Standard Deviation","7020","Meteorological year","2007","2007","°C","0.369","E","Estimated value"
"ET","Temperature change","165","Pakistan","7271","Temperature change","7020","Meteorological year","2007","2007","°C","0.71","E","Estimated value"
"ET","Temperature change","351","China","6078","Standard Deviation","7020","Meteorological year","2007","2007","°C","0.252","E","Estimated value"
"ET","Temperature change","351","China","7271","Temperature change","7020","Meteorological year","2007","2007","°C","1.508","E","Estimated value"
"ET","Temperature change","351","China","7271","Temperature change","7020","Meteorological year","2008","2008","°C","1.061","E","Estimated value"
"ET","Temperature change","351","China","6078","Standard Deviation","7020","Meteorological year","2008","2008","°C","0.252","E","Estimated value"
"ET","Temperature change","165","Pakistan","7271","Temperature change","7020","Meteorological year","2008","2008","°C","0.412","E","Estimated value"
"ET","Temperature change","165","Pakistan","6078","Standard Deviation","7020","Meteorological year","2008","2008","°C","0.369","E","Estimated value"
"ET","Temperature change","100","India","7271","Temperature change","7020","Meteorological year","2008","2008","°C","0.237","E","Estimated value"
"ET","Temperature change","100","India","6078","Standard Deviation","7020","Meteorological year","2008","2008","°C","0.247","E","Estimated value"
"ET","Temperature change","100","India","6078","Standard Deviation","7020","Meteorological year","2009","2009","°C","0.247","E","Estimated value"
"ET","Temperature change","100","India","7271","Temperature change","7020","Meteorological year","2009","2009","°C","1.131","E","Estimated value"
"ET","Temperature change","165","Pakistan","6078","Standard Deviation","7020","Meteorological year","2009","2009","°C","0.369","E","Estimated value"
"ET","Temperature change","165","Pakistan","7271","Temperature change","7020","Meteorological year","2009","2009","°C","1.048","E","Estimated value"
"ET","Temperature change","351","China","6078","Standard Deviation","7020","Meteorological year","2009","2009","°C","0.252","E","Estimated value"
"ET","Temperature change","351","China","7271","Temperature change","7020","Meteorological year","2009","2009","°C","1.309","E","Estimated value"
"ET","Temperature change","351","China","7271","Temperature change","7020","Meteorological year","2010","2010","°C","0.94","E","Estimated value"
"ET","Temperature change","351","China","6078","Standard Deviation","7020","Meteorological year","2010","2010","°C","0.252","E","Estimated value"
"ET","Temperature change","165","Pakistan","7271","Temperature change","7020","Meteorological year","2010","2010","°C","1.283","E","Estimated value"
"ET","Temperature change","165","Pakistan","6078","Standard Deviation","7020","Meteorological year","2010","2010","°C","0.369","E","Estimated value"
"ET","Temperature change","100","India","7271","Temperature change","7020","Meteorological year","2010","2010","°C","1.113","E","Estimated value"
"ET","Temperature change","100","India","6078","Standard Deviation","7020","Meteorological year","2010","2010","°C","0.247","E","Estimated value"
"ET","Temperature change","100","India","6078","Standard Deviation","7020","Meteorological year","2011","2011","°C","0.247","E","Estimated value"
"ET","Temperature change","100","India","7271","Temperature change","7020","Meteorological year","2011","2011","°C","0.336","E","Estimated value"
"ET","Temperature change","165","Pakistan","6078","Standard Deviation","7020","Meteorological year","2011","2011","°C","0.369","E","Estimated value"
"ET","Temperature change","165","Pakistan","7271","Temperature change","7020","Meteorological year","2011","2011","°C","0.831","E","Estimated value"
"ET","Temperature change","351","China","6078","Standard Deviation","7020","Meteorological year","2011","2011","°C","0.252","E","Estimated value"
"ET","Temperature change","351","China","7271","Temperature change","7020","Meteorological year","2011","2011","°C","0.761","E","Estimated value"
"ET","Temperature change","351","China","7271","Temperature change","7020","Meteorological year","2012","2012","°C","0.595","E","Estimated value"
"ET","Temperature change","351","China","6078","Standard Deviation","7020","Meteorological year","2012","2012","°C","0.252","E","Estimated value"
"ET","Temperature change","165","Pakistan","7271","Temperature change","7020","Meteorological year","2012","2012","°C","0.242","E","Estimated value"
"ET","Temperature change","165","Pakistan","6078","Standard Deviation","7020","Meteorological year","2012","2012","°C","0.369","E","Estimated value"
"ET","Temperature change","100","India","7271","Temperature change","7020","Meteorological year","2012","2012","°C","0.486","E","Estimated value"
"ET","Temperature change","100","India","6078","Standard Deviation","7020","Meteorological year","2012","2012","°C","0.247","E","Estimated value"
"ET","Temperature change","100","India","6078","Standard Deviation","7020","Meteorological year","2013","2013","°C","0.247","E","Estimated value"
"ET","Temperature change","100","India","7271","Temperature change","7020","Meteorological year","2013","2013","°C","0.434","E","Estimated value"
"ET","Temperature change","165","Pakistan","6078","Standard Deviation","7020","Meteorological year","2013","2013","°C","0.369","E","Estimated value"
"ET","Temperature change","165","Pakistan","7271","Temperature change","7020","Meteorological year","2013","2013","°C","0.81","E","Estimated value"
"ET","Temperature change","351","China","6078","Standard Deviation","7020","Meteorological year","2013","2013","°C","0.252","E","Estimated value"
"ET","Temperature change","351","China","7271","Temperature change","7020","Meteorological year","2013","2013","°C","1.048","E","Estimated value"
"ET","Temperature change","351","China","7271","Temperature change","7020","Meteorological year","2014","2014","°C","1.043","E","Estimated value"
"ET","Temperature change","351","China","6078","Standard Deviation","7020","Meteorological year","2014","2014","°C","0.252","E","Estimated value"
"ET","Temperature change","165","Pakistan","7271","Temperature change","7020","Meteorological year","2014","2014","°C","0.42","E","Estimated value"
"ET","Temperature change","165","Pakistan","6078","Standard Deviation","7020","Meteorological year","2014","2014","°C","0.369","E","Estimated value"
"ET","Temperature change","100","India","7271","Temperature change","7020","Meteorological year","2014","2014","°C","0.522","E","Estimated value"
"ET","Temperature change","100","India","6078","Standard Deviation","7020","Meteorological year","2014","2014","°C","0.247","E","Estimated value"
"ET","Temperature change","100","India","6078","Standard Deviation","7020","Meteorological year","2015","2015","°C","0.247","E","Estimated value"
"ET","Temperature change","100","India","7271","Temperature change","7020","Meteorological year","2015","2015","°C","0.68","E","Estimated value"
"ET","Temperature change","165","Pakistan","6078","Standard Deviation","7020","Meteorological year","2015","2015","°C","0.369","E","Estimated value"
"ET","Temperature change","165","Pakistan","7271","Temperature change","7020","Meteorological year","2015","2015","°C","0.576","E","Estimated value"
"ET","Temperature change","351","China","6078","Standard Deviation","7020","Meteorological year","2015","2015","°C","0.252","E","Estimated value"
"ET","Temperature change","351","China","7271","Temperature change","7020","Meteorological year","2015","2015","°C","1.277","E","Estimated value"
"ET","Temperature change","351","China","7271","Temperature change","7020","Meteorological year","2016","2016","°C","1.304","E","Estimated value"
"ET","Temperature change","351","China","6078","Standard Deviation","7020","Meteorological year","2016","2016","°C","0.252","E","Estimated value"
"ET","Temperature change","165","Pakistan","7271","Temperature change","7020","Meteorological year","2016","2016","°C","1.281","E","Estimated value"
"ET","Temperature change","165","Pakistan","6078","Standard Deviation","7020","Meteorological year","2016","2016","°C","0.369","E","Estimated value"
"ET","Temperature change","100","India","7271","Temperature change","7020","Meteorological year","2016","2016","°C","1.074","E","Estimated value"
"ET","Temperature change","100","India","6078","Standard Deviation","7020","Meteorological year","2016","2016","°C","0.247","E","Estimated value"
"ET","Temperature change","100","India","6078","Standard Deviation","7020","Meteorological year","2017","2017","°C","0.247","E","Estimated value"
"ET","Temperature change","100","India","7271","Temperature change","7020","Meteorological year","2017","2017","°C","0.982","E","Estimated value"
"ET","Temperature change","165","Pakistan","6078","Standard Deviation","7020","Meteorological year","2017","2017","°C","0.369","E","Estimated value"
"ET","Temperature change","165","Pakistan","7271","Temperature change","7020","Meteorological year","2017","2017","°C","1.312","E","Estimated value"
"ET","Temperature change","351","China","6078","Standard Deviation","7020","Meteorological year","2017","2017","°C","0.252","E","Estimated value"
"ET","Temperature change","351","China","7271","Temperature change","7020","Meteorological year","2017","2017","°C","1.565","E","Estimated value"
"ET","Temperature change","351","China","7271","Temperature change","7020","Meteorological year","2018","2018","°C","1.349","E","Estimated value"
"ET","Temperature change","351","China","6078","Standard Deviation","7020","Meteorological year","2018","2018","°C","0.252","E","Estimated value"
"ET","Temperature change","165","Pakistan","7271","Temperature change","7020","Meteorological year","2018","2018","°C","1.423","E","Estimated value"
"ET","Temperature change","165","Pakistan","6078","Standard Deviation","7020","Meteorological year","2018","2018","°C","0.369","E","Estimated value"
"ET","Temperature change","100","India","7271","Temperature change","7020","Meteorological year","2018","2018","°C","0.884","E","Estimated value"
"ET","Temperature change","100","India","6078","Standard Deviation","7020","Meteorological year","2018","2018","°C","0.247","E","Estimated value"
"ET","Temperature change","100","India","6078","Standard Deviation","7020","Meteorological year","2019","2019","°C","0.247","E","Estimated value"
"ET","Temperature change","100","India","7271","Temperature change","7020","Meteorological year","2019","2019","°C","0.809","E","Estimated value"
"ET","Temperature change","165","Pakistan","6078","Standard Deviation","7020","Meteorological year","2019","2019","°C","0.369","E","Estimated value"
"ET","Temperature change","165","Pakistan","7271","Temperature change","7020","Meteorological year","2019","2019","°C","0.648","E","Estimated value"
"ET","Temperature change","351","China","6078","Standard Deviation","7020","Meteorological year","2019","2019","°C","0.252","E","Estimated value"
"ET","Temperature change","351","China","7271","Temperature change","7020","Meteorological year","2019","2019","°C","1.413","E","Estimated value"
"ET","Temperature change","351","China","7271","Temperature change","7020","Meteorological year","2020","2020","°C","1.637","E","Estimated value"
"ET","Temperature change","351","China","6078","Standard Deviation","7020","Meteorological year","2020","2020","°C","0.252","E","Estimated value"
"ET","Temperature change","165","Pakistan","7271","Temperature change","7020","Meteorological year","2020","2020","°C","0.432","E","Estimated value"
"ET","Temperature change","165","Pakistan","6078","Standard Deviation","7020","Meteorological year","2020","2020","°C","0.369","E","Estimated value"
"ET","Temperature change","100","India","7271","Temperature change","7020","Meteorological year","2020","2020","°C","0.518","E","Estimated value"
"ET","Temperature change","100","India","6078","Standard Deviation","7020","Meteorological year","2020","2020","°C","0.247","E","Estimated value"
